{
  "accuracy": 0.7760598503740649,
  "macro_f1": 0.44344291432899025,
  "micro_f1": 0.7760598503740649,
  "precision_per_class": 0.16666666666666666,
  "recall_per_class": 0.006864988558352402,
  "f1_per_class": 0.013186813186813187
}