epoch,train_loss,val_loss,accuracy,precision,recall,f1
1,0.5322221492452097,0.5568189007088431,0.7760598503740649,0.4741234692165744,0.49864933101387005,0.44344291432899025
