{
  "accuracy": 0.9317844784972813,
  "macro_f1": 0.9317824615727464,
  "micro_f1": 0.9317844784972813,
  "precision_per_class": 0.9275929549902152,
  "recall_per_class": 0.9367588932806324,
  "f1_per_class": 0.9321533923303835
}