epoch,train_loss,val_loss,accuracy,precision,recall,f1
1,0.35902787538932907,0.19628271768426636,0.9209095402867029,0.921275074296022,0.920916851393564,0.9208932841409219
1,0.3356734608799722,0.2064419900551917,0.9130004943153732,0.9170934383119191,0.9129760382824503,0.9127830982713785
2,0.27765656413881573,0.17805495153278392,0.9253583786455759,0.9261210426445621,0.9253688673602234,0.9253261920447642
3,0.2670133998586117,0.17586600508686345,0.9228868017795353,0.9235423445435075,0.9228965568470149,0.9228581317856137
4,0.27567519120764983,0.18495974109291263,0.9278299555116164,0.929784277915243,0.9278133222301717,0.9277458994737471
5,0.2569595613302215,0.16788147883402257,0.9317844784972813,0.9318284455270756,0.9317820183514933,0.9317824615727464
